Index,phases1full_col0,phases1full_col1,phases1full_col2,phases1full_col3,phases1full_col4,phases3full_col0,phases3full_col1,phases3full_col2,phases3full_col3,phases3full_col4,phases5full_col0,phases5full_col1,phases5full_col2,phases5full_col3,phases5full_col4,phases7full_col0,phases7full_col1,phases7full_col2,phases7full_col3,phases7full_col4,phases9full_col0,phases9full_col1,phases9full_col2,phases9full_col3,phases9full_col4,phases11full_col0,phases11full_col1,phases11full_col2,phases11full_col3,phases11full_col4,phases11full_col5,phases11full_col6,phases11full_col7,phases11full_col8,phases11full_col9,phases11full_col10,phases13full_col0,phases13full_col1,phases13full_col2,phases13full_col3,phases13full_col4,phases13full_col5,phases13full_col6,phases13full_col7,phases13full_col8,phases13full_col9,phases13full_col10,phases15full_col0,phases15full_col1,phases15full_col2,phases15full_col3,phases15full_col4,phases15full_col5,phases15full_col6,phases15full_col7,phases15full_col8,phases15full_col9,phases15full_col10,phases1fine_col0,phases1fine_col1,phases1fine_col2,phases1fine_col3,phases1fine_col4,phases1fine_col5,phases1fine_col6,phases3fine_col0,phases3fine_col1,phases3fine_col2,phases3fine_col3,phases3fine_col4,phases3fine_col5,phases3fine_col6,phases5fine_col0,phases5fine_col1,phases5fine_col2,phases5fine_col3,phases5fine_col4,phases5fine_col5,phases5fine_col6,phases7fine_col0,phases7fine_col1,phases7fine_col2,phases7fine_col3,phases7fine_col4,phases7fine_col5,phases7fine_col6,phases9fine_col0,phases9fine_col1,phases9fine_col2,phases9fine_col3,phases9fine_col4,phases9fine_col5,phases9fine_col6,phases11fine_col0,phases11fine_col1,phases11fine_col2,phases11fine_col3,phases11fine_col4,phases11fine_col5,phases11fine_col6,phases13fine_col0,phases13fine_col1,phases13fine_col2,phases13fine_col3,phases13fine_col4,phases13fine_col5,phases13fine_col6,phases15fine_col0,phases15fine_col1,phases15fine_col2,phases15fine_col3,phases15fine_col4,phases15fine_col5,phases15fine_col6
0,-0.139999,41.0,84.999985,-229.000015,-183.820007,-0.02002,-321.960022,-275.920013,-229.899994,-184.240005,0.059998,38.23999,83.119995,-231.320007,-185.279999,-0.119995,37.820007,85.099991,-228.160004,-181.419998,0.099991,45.919998,84.699997,130.940002,176.380005,-0.040001,20.279999,34.579994,54.319992,74.23999,88.179993,-251.740005,-230.720001,-217.619995,-198.700012,-178.639999,0.08,15.460011,32.220001,51.940014,67.5,88.800003,-261.019989,-239.680008,-222.0,-203.139999,-185.559998,-5.339999,9.599999,25.52,44.859989,57.839996,77.620003,86.559998,-255.320007,-240.300003,-220.400009,-207.100006,3.16,5.800001,-0.5,1.980001,2.16,5.02001,5.800001,28.699997,21.820007,23.460007,25.479996,28.339996,31.399994,32.419998,47.560001,50.02,52.380001,54.5,52.880001,55.620003,50.280003,55.520004,58.380005,60.380005,62.959999,65.639999,68.160004,70.660004,74.479996,77.759995,80.779991,84.919991,88.199997,90.939995,94.319992,-243.999985,-254.279984,-251.079987,-247.759995,-243.179993,-243.359985,-239.939987,-247.5,-245.799988,-241.5,-237.779999,-234.819992,-241.87999,-239.659988,-221.419998,-219.860001,-214.059998,-211.619995,-209.5,-208.0,-208.360001
1,-268.040009,-228.76001,-186.860016,-142.700012,-98.540001,-91.980011,-54.02002,-7.320007,-320.600006,-274.540009,-270.839996,-232.360001,-187.179993,-141.020004,-95.240005,-91.419998,-53.459991,-5.959991,41.0,87.360001,91.499992,136.360001,175.300003,-138.940018,-90.520004,-96.139999,-73.940002,-59.960003,-39.020004,-17.600006,-4.260002,15.479996,35.839996,49.0,67.619995,87.279999,-257.23999,-240.279999,-220.460007,-203.5,-184.660004,-168.139999,-154.199997,-134.979996,-120.440002,-100.820007,-83.440002,-133.62001,-129.940002,-119.920013,-104.620003,-83.68,-76.18,-62.100002,-43.760002,-38.360001,-11.48,16.880001,-265.839996,-263.059998,89.100006,-268.179993,-265.940002,-265.319977,-263.559998,-63.720013,-70.539993,-68.479996,-66.639999,-63.619999,-60.999996,-59.02,-222.839996,-220.399994,-218.380005,-216.0,-217.779999,-214.920013,-220.119995,-35.539993,-33.139999,-30.740005,-27.839996,-25.580002,-22.860001,-20.559998,165.320007,167.699997,171.880005,175.759995,179.259995,182.679993,185.580002,6.76001,15.240013,19.600014,22.580009,26.460014,25.520012,29.820007,-141.159988,-137.23999,-134.919998,-132.279999,-128.520004,-135.479996,-132.599991,10.360005,-338.980011,10.539998,-337.040009,-335.660004,-330.160004,-332.5
2,-178.860016,-144.720001,-90.700005,-46.279999,-6.66,-176.660019,-139.460007,-92.62001,-46.320007,-0.540009,-172.52002,-134.860016,-89.860016,-43.780014,2.619995,-170.259995,-132.679993,-86.0,-38.979996,8.300003,196.820007,-117.100021,-77.100021,-29.840012,16.759995,-170.020004,-150.660004,-136.539993,-117.019989,-95.419998,-81.860001,-60.640003,-38.900002,-25.0,-4.5,15.439995,-157.660004,-144.979996,-123.360001,-108.539993,-84.699997,-71.360001,-53.84,-32.700001,-11.34,2.880001,24.0,-222.559998,-201.059998,-189.400009,-147.76001,-119.780014,-72.18,-49.18,-41.220001,-22.02,-1.639999,6.280011,-177.519989,-174.179977,-181.97998,-179.899979,-178.819977,-176.319977,-174.819977,-148.200012,-154.680008,-152.76001,-150.700012,-147.880005,-145.300003,-143.639999,-124.840004,-122.660011,-120.380013,-118.260002,-120.060005,-117.320015,-122.660011,-114.200012,-111.600006,-109.920013,-106.720001,-103.940002,-101.979996,-99.520004,-89.419998,-86.000015,-82.259995,-78.280014,-74.12001,-70.759995,-67.940018,-77.080002,-54.919998,-50.799999,-47.139999,-43.339996,-42.939999,-40.259998,-34.580002,-33.639999,-29.639999,-23.959999,-20.92,-21.440001,-22.98,-19.39999,-5.239989,-6.719991,-1.59999,2.600011,3.780011,4.260007
3,-91.700005,-52.040001,-8.32,37.620003,83.259987,-275.019989,-236.360001,-190.920013,-145.460007,-99.360016,-98.500015,-60.180008,-15.620026,29.23999,74.660004,71.639999,-248.399994,-201.080002,-153.740005,-106.540001,-103.100021,-58.979996,-20.660004,24.360001,70.299988,57.059998,79.039993,-268.380005,-248.460007,-229.080002,-216.179993,-196.839996,-177.119995,-165.539993,-147.320007,-128.679993,-118.320007,-95.12001,-76.599998,-57.400002,-38.5,-18.9,-1.08,10.98,28.84,51.359997,67.059998,38.599998,38.899998,48.499989,58.739998,69.919998,88.099998,87.699997,-251.360001,-238.940002,-235.100006,-210.300003,-87.139999,-84.379997,-90.32,-89.519997,-88.400002,-86.68,-85.32,-246.740005,-253.080002,-251.62001,-249.460007,-247.160019,-244.599991,-242.900009,-50.740013,-48.640007,-46.900002,-44.060005,-45.560005,-42.980003,-47.660011,131.179993,133.679993,136.240005,138.399994,141.040009,142.860001,145.559998,-32.220001,-28.980011,-25.920013,-21.139999,-19.5,-16.600006,-13.960007,-122.459999,-203.579987,-199.820007,-195.139999,-192.220001,-192.960007,-188.5,11.859999,16.039991,19.399992,23.199991,26.500002,19.940001,23.140001,223.940002,204.26001,223.860001,220.480011,220.060013,210.139999,231.339996
4,-0.279999,-57.68,-94.440002,-137.12001,-184.300018,-7.860016,-60.340027,-104.000015,-148.200012,-192.660019,-15.380005,-67.76001,-112.440018,-156.76001,-200.600006,-27.979996,-79.720001,-122.199997,-164.240005,-206.580002,-26.660004,-72.840012,-125.780014,191.080002,145.479996,-55.300003,-70.220001,-92.860001,-109.940002,-126.800003,-149.720001,-164.920013,-182.039993,-205.540009,-222.199997,-239.139999,-48.68,-57.639999,-79.259995,-95.62001,-113.660004,-129.679993,-160.199997,-178.580002,-199.26001,-220.5,-239.820007,-30.32,-46.220001,-58.52,-63.580002,-101.980003,-94.139999,-184.680008,-219.960007,-247.580002,-255.279999,-268.180023,-15.639999,-14.039999,-19.120001,-19.66,-18.84,-17.5,-15.119999,-37.039997,-45.140003,-44.740002,-43.740002,-42.359997,-41.280003,-40.399998,-61.840004,-62.000008,-62.140007,-60.180016,-64.320015,-63.180016,-70.800011,-103.339996,-103.639999,-103.419998,-104.940002,-104.259995,-105.020004,-105.279999,-125.340012,-125.720016,-125.88002,-125.780014,-126.960007,-128.280014,-129.479996,-62.359997,-155.660004,-156.940002,-156.419998,-158.320007,-162.919998,-163.860001,-167.759995,-171.919998,-173.220001,-173.759995,-174.720001,-187.899994,-190.819992,-129.160004,-130.959991,-133.220001,-134.860001,-145.619995,-140.940002,-154.419998
5,-87.880005,-145.26001,-188.040009,-228.900009,86.23999,-267.480011,-320.200012,-4.680023,-49.320007,-92.940018,-87.700012,-140.220016,-184.580002,-228.720001,-272.519989,-269.5,39.279999,-3.220001,-46.599991,-90.099998,-84.979996,-129.62001,178.399994,132.779999,87.539993,84.660004,70.599991,46.580002,31.299995,14.199997,-8.87999,-26.000004,-41.760002,-66.040001,-82.980003,-98.860001,-86.419998,-97.559982,-121.26001,-130.5,-150.139999,-169.300003,-198.540009,-209.900009,-224.880005,-240.240005,-263.880005,38.099998,21.999989,10.06001,3.68,-6.08,-15.9,-33.639999,-39.919998,-59.799999,-101.199997,-165.12001,-103.540001,-100.959999,-109.020004,-108.040001,-106.099998,-104.880005,-102.980003,64.419998,56.040001,56.880001,57.84,59.200001,60.34,61.380001,-134.080017,-133.119995,-133.860016,-132.960022,-136.860016,-136.100006,-143.440002,13.919998,13.419998,13.139999,13.339996,13.419998,12.660004,12.699997,179.100006,178.339996,178.820007,178.960007,177.699997,176.380005,176.199997,18.44001,-18.959999,-19.5,-20.279999,-21.800011,-26.040001,-27.020004,-197.779999,-200.059998,-207.539993,-207.679993,-210.559998,-219.659988,-219.73999,-45.679989,-39.539989,-45.580002,-33.639992,-64.439995,-56.679989,-70.599983
6,-266.019989,36.240013,-8.12,-51.099998,-94.580002,-94.76001,-146.26001,-190.920013,-234.899994,-279.279999,85.399994,33.059998,-11.480011,-55.220016,-98.100006,-95.559998,-146.02002,-188.779999,-232.220001,83.900009,87.419998,44.899994,-3.800003,-48.160019,-94.699997,-101.639999,-117.37999,-138.320007,-154.920013,-169.220001,-189.399994,-206.080002,-222.619995,-245.540009,-264.320007,79.139999,84.240005,68.699997,53.440014,37.619991,20.360001,5.039989,-20.02,-34.5,-54.540001,-70.5,-90.539993,-138.320007,-166.020004,-182.0,-200.139999,-204.699997,-227.139999,-246.540009,80.779999,76.279999,56.739998,32.78001,79.720009,79.680008,72.980011,74.700012,73.94001,75.860008,76.140007,-121.840012,-129.360001,-129.160004,-127.900009,-126.720001,-125.600006,-124.940002,40.300003,40.580002,40.360001,41.5,37.740002,38.5,31.259995,-168.139984,-167.980011,-169.179993,-168.799988,-170.079987,-170.160004,-171.040009,-1.900009,-3.480011,-4.62001,-3.0,-3.980011,-5.580002,-5.660004,-183.839996,-202.37999,-204.099991,-203.779999,-205.639984,-209.37999,-210.119995,-41.900002,-35.080002,-40.080002,-44.259998,-46.400002,-58.379997,-59.879997,-220.059998,-236.459991,-253.479996,-197.979996,-213.279999,-218.440002,-229.179993
7,-185.880005,-232.500015,84.919991,40.300003,-3.92,-181.360016,-233.020004,-277.779999,-321.759979,-5.840027,-179.820007,-232.820007,82.879974,39.079987,-5.26001,-178.860001,-230.839996,85.939987,43.439987,-0.039993,184.919998,139.940002,90.179993,43.119995,-0.62001,-172.520004,-194.080002,-216.860001,-234.600006,-249.320007,86.660004,71.639999,57.179993,35.82,20.459999,4.960007,-174.940002,-190.5,-204.960007,-221.5,-236.080002,-254.5,83.940002,62.34,50.119999,30.619991,16.299999,-133.700012,-138.839996,-152.76001,-147.320007,55.860001,71.779999,-247.360001,-82.919998,-87.020004,-78.779999,-91.900002,-197.659988,-197.059982,-203.679977,-202.199982,-201.519989,-199.499985,-198.73999,-208.720001,-215.919998,-215.580002,-214.360001,-212.820007,-211.880005,-210.820007,-224.200012,-224.559998,-224.540009,-224.079987,-227.820007,-227.5,-233.959991,108.119995,107.23999,107.139999,106.880005,106.73999,107.139999,106.399994,93.579994,92.55999,92.499992,92.799995,90.37999,91.959991,90.919991,79.780014,80.460007,80.820007,80.200012,78.380005,74.880005,73.420013,69.160004,66.279999,63.5,63.279999,61.240005,50.160004,48.380005,-2.25999,-208.199997,-208.839996,-205.37999,-32.199989,-29.159992,-43.37999
8,1.02,40.900002,83.899986,-229.460007,-183.12001,0.039978,-321.679993,-275.880005,-229.720001,-184.400009,0.660004,37.859985,83.139984,-231.160004,-185.460022,0.820007,39.180008,85.87999,-227.059998,-180.839996,0.439987,45.87999,85.119995,130.459991,176.399994,1.540001,23.159996,35.399994,55.23999,75.819992,88.699997,-250.740005,-230.440002,-217.300003,-197.940002,-178.679993,2.299999,15.679989,34.039989,51.759998,69.820007,86.699997,-260.519989,-240.639999,-223.820007,-204.540009,-182.919998,-3.98,13.94,27.939999,49.84,65.82,78.900002,-269.76001,-254.0,-239.180008,-219.300003,-210.26001,5.480001,6.860003,0.140001,1.220001,3.119991,4.640001,6.500002,28.880005,22.399994,23.919998,26.179993,29.080002,30.960007,32.679993,48.200001,50.380001,52.380001,55.02,53.060001,55.880001,50.66,55.980003,58.880005,61.0,63.800003,66.5,68.300003,70.760002,74.87999,78.0,81.419991,85.359993,88.819992,91.299995,94.899994,-219.87999,-253.73999,-250.099991,-246.159988,-243.059982,-242.87999,-239.23999,-247.5,-244.839996,-241.580002,-238.5,-234.979996,-242.679993,-238.5,-222.199997,-216.679993,-217.459991,-212.459991,-210.080002,-205.539993,-209.819992
9,-269.540009,-229.540009,-184.740005,-139.040009,-95.020004,-87.380005,-48.52002,-3.240021,-317.039978,-271.23999,-261.399994,-224.380005,-179.139999,-133.060013,-87.540009,-80.639999,-42.539993,4.740005,52.060013,-261.679993,110.799995,156.979996,195.380005,-119.020004,-73.259995,-79.139999,-57.000004,-44.420002,-24.420006,-3.199989,8.479996,29.659996,50.220001,62.179993,82.339996,-258.779999,-240.220001,-221.820007,-209.740005,-188.559998,-168.919998,-151.339996,-140.059998,-122.059982,-104.12001,-83.82,-64.099998,-102.120003,-93.160004,-73.68,-57.959999,-33.279999,-20.18,-8.12,15.920011,41.02,68.419998,81.339996,-265.100006,-262.359985,89.640007,-267.339996,-266.160004,-264.519989,-263.679993,-58.499996,-65.360001,-63.679996,-61.220013,-58.819996,-56.84,-55.140003,-214.880005,-213.019989,-210.299988,-207.720001,-209.76001,-207.26001,-212.5,-25.300003,-22.779999,-20.819992,-18.0,-15.179993,-13.039993,-10.240005,183.5,187.220001,191.119995,195.139999,197.860001,198.520004,204.039993,-48.939999,26.900009,31.660019,34.380005,38.660019,38.800018,41.440018,-129.659988,-119.300011,-115.860001,-111.540001,-109.12001,-115.599998,-113.759995,-288.220001,-296.779999,-285.400024,-295.240021,-282.240021,-284.900024,-286.200012
10,-182.220016,-143.660004,-94.739998,-46.540001,-5.199999,-176.540009,-138.02002,-91.740005,-45.620026,0.399994,-169.5,-132.280014,-86.800018,-40.360016,5.73999,-163.619995,-125.900002,-79.899994,-32.660004,13.600006,207.419998,-107.340012,-67.979996,-22.720001,22.799988,-147.759995,-128.5,-115.279999,-96.120003,-76.18,-62.68,-43.800003,-22.720001,-11.800003,6.759995,25.5,-134.699997,-111.880005,-91.0,-70.639999,-53.459999,-32.68,-20.84,-7.34,9.60001,23.939999,40.880009,-155.699997,-145.020004,-122.800011,-109.620003,-87.220001,-73.68,-61.220001,-42.940002,-28.040001,-20.439999,5.62,-178.039978,-176.059982,-181.639984,-180.939987,-178.899979,-177.759979,-175.759979,-147.160004,-153.360001,-151.940002,-149.400009,-147.220001,-145.160004,-143.540009,-121.640007,-119.420006,-116.960014,-114.94001,-116.720009,-114.080009,-119.140007,-107.539993,-105.279999,-102.899994,-99.699997,-97.199997,-95.080002,-92.559998,-78.979996,-75.819992,-72.240005,-67.720016,-65.780014,-61.180008,-59.12001,-90.660004,-44.119999,-39.599998,-36.139999,-32.520004,-32.520004,-29.160011,-11.779999,-7.879999,-5.859999,-5.619999,-0.779999,-8.6,-3.98,-3.09999,-13.059989,0.10001,-10.059989,-4.37999,-5.67999,-10.659989
11,0.679991,-52.459999,-94.060005,-138.840012,-182.520004,-0.920013,-53.120026,-97.680008,-140.800018,-184.52002,-2.240021,-54.980011,-99.380005,-143.240005,-187.160004,-7.899994,-57.979996,-100.68,-142.940002,-185.880005,0.919998,-44.259995,-96.840012,-141.520004,174.020004,-18.0,-30.740002,-54.040001,-71.060005,-87.18,-110.560005,-126.160004,-141.759995,-166.5,-184.459991,-201.920013,-10.96,-19.48,-34.959999,-53.32,-72.639999,-89.220001,-117.100006,-135.559998,-163.240005,-185.699997,-203.540009,-15.4,-38.799999,-55.66,-66.940002,-84.940002,-109.760002,-141.960007,-164.779999,-178.180008,-214.639999,-236.180008,-14.419999,-12.179999,-20.26,-19.74,-18.58,-17.58,-16.34,-28.919998,-37.299999,-36.880001,-35.759998,-34.48,-33.34,-32.639999,-48.740013,-48.100014,-48.340004,-47.280006,-51.080009,-50.020012,-57.880013,-81.199997,-82.259995,-82.779999,-82.699997,-82.360001,-82.940002,-83.360001,-96.500015,-97.060013,-97.440018,-96.660019,-97.639999,-98.62001,-99.039993,-67.119995,-119.300011,-117.539993,-118.18,-119.419998,-123.980011,-124.860001,-130.679993,-124.259995,-132.619995,-135.919998,-139.159988,-151.859985,-153.959991,-148.279999,-144.759995,-149.580002,-144.319992,-154.319992,-159.399994,-153.959991
12,-86.040001,-48.959999,-8.54,38.340004,88.319992,-268.779999,-230.300003,-184.720016,-138.660019,-92.100006,-85.200012,-47.26001,-1.400024,44.359985,-270.519989,-263.980011,-224.580002,-177.380005,-130.100006,-83.559998,-79.240005,-34.76001,3.819992,50.179993,96.139992,-266.26001,-245.059998,-230.960007,-210.880005,-189.100006,-175.740005,-154.100006,-134.020004,-121.139999,-102.040001,-83.620003,-68.080002,-45.580002,-27.139999,-9.3,13.179989,30.02,39.89999,57.500004,71.820007,-268.559998,-252.360001,81.800003,-266.76001,-255.220001,-249.979996,-234.800003,-229.0,-220.160004,-211.300003,-189.600006,-178.979996,-161.600006,-81.839996,-80.979996,-86.440002,-84.959999,-83.779999,-82.800003,-80.639999,-240.280014,-246.699997,-245.099991,-242.919998,-240.240005,-238.280014,-236.840012,-37.560005,-35.060005,-32.900002,-30.300011,-32.460014,-29.26001,-34.460014,-206.899994,-204.920013,-202.399994,-199.480011,-197.0,-194.679993,-191.959991,-8.100006,-3.600006,0.5,2.87999,7.299988,10.479996,12.37999,-137.5,-157.5,-153.119995,-149.479996,-144.899994,-144.619995,-141.580002,56.87999,59.620003,61.620003,66.459999,68.440002,62.339989,65.279999,-161.899994,-146.259995,-139.319992,-136.860001,-143.539993,-133.300003,-141.459991
13,-90.980003,-146.62001,-182.920013,-222.320007,-267.600006,-267.359985,-320.559998,-4.820007,-48.340027,-91.000015,-86.800018,-140.280014,-184.559998,-228.5,-272.940002,88.500015,39.460007,-2.5,-45.599991,-87.519997,-85.139999,-130.340012,177.080002,132.259995,86.439987,83.360001,68.380005,47.440002,29.159996,14.659996,-7.580002,-23.800003,-38.900002,-64.87999,-80.800003,-97.860001,-76.979996,-90.240005,-106.419983,-120.179993,-138.720001,-155.400009,-183.040009,-198.880005,-220.460007,-238.62001,-264.619995,54.260002,38.040001,20.459999,10.579989,-3.68,-9.459999,-33.18,-41.599998,-81.120003,-104.68,-152.919998,-105.860001,-104.360001,-111.880005,-110.880005,-108.32,-107.380005,-106.380005,65.119995,56.860001,57.5,58.220001,59.560001,60.5,61.5,-133.059998,-133.700012,-133.800018,-132.380005,-136.580017,-135.640015,-143.600006,15.559998,15.919998,15.380005,15.419998,15.360001,14.960007,14.680008,179.600006,180.020004,180.139999,180.080002,178.460007,177.960007,177.679993,74.340012,-19.360001,-19.419998,-20.139999,-19.279999,-24.900002,-27.139999,-184.759995,-182.919998,-191.979996,-187.479996,-186.539993,-202.5,-207.679993,-84.279984,-92.879997,-90.82,-86.519989,-98.419998,-89.159996,-95.279999
14,-177.600006,-231.040009,84.73999,43.639999,-0.119999,-176.800018,-229.520004,-273.580017,-317.199982,-0.740021,-172.140015,-225.839996,-270.459991,45.259979,0.97998,-172.399994,-223.5,-266.220001,49.720016,6.839996,195.160004,149.979996,97.919991,51.860001,7.279999,-166.880005,-183.920013,-209.380005,-227.220001,-243.680008,-266.660004,78.0,62.179993,40.0,25.459999,9.380005,-173.040009,-190.0,-203.540009,-218.960007,-234.960007,-252.76001,84.5,69.699997,54.359997,38.380001,20.039989,-131.020004,-167.540009,-208.839996,72.800003,84.279999,47.140011,30.939999,8.12,-3.1,-6.68,-12.86,-189.819977,-188.159988,-196.639984,-194.939987,-193.319977,-192.519989,-190.899979,-204.080002,-212.360001,-211.960007,-210.540009,-209.400009,-208.020004,-206.860001,-218.940002,-218.980011,-218.73999,-218.059998,-221.5,-221.26001,-228.540009,112.040009,112.699997,112.100006,112.179993,111.419998,111.320007,111.139999,99.699997,97.839996,98.099991,97.499992,98.339996,96.839996,96.599991,52.460007,81.860016,79.140015,82.000015,79.600006,76.720016,75.900009,74.720009,71.360016,69.199989,68.920006,67.220001,53.480003,52.080002,-334.900024,-334.279999,-335.740021,-338.080017,-336.600006,-338.279999,-343.140015
15,-267.059998,33.5,-4.860001,-46.940002,-92.060005,-92.680008,-144.820007,-188.920013,-233.040009,-277.899994,-273.160004,34.47998,-9.720001,-53.460007,-97.500015,-96.860001,-146.059998,-188.660004,-233.179993,83.860001,88.399994,45.37999,-5.740005,-50.440018,-95.819992,-108.660004,-122.900002,-144.960007,-159.119995,-173.779999,-194.779999,-208.940002,-224.220001,-248.020004,-264.380005,77.940002,78.020004,62.84,47.780003,35.02,22.240009,7.42,-14.74,-29.860001,-50.080002,-63.66,-86.860001,-225.0,-258.720001,-255.540009,-267.02002,81.620003,69.800003,63.18,55.059998,49.459999,42.68,32.239998,76.160011,78.380013,71.040001,71.540001,73.140007,73.840012,75.240005,-120.160004,-127.76001,-127.400009,-126.300003,-124.779999,-123.580002,-123.340012,41.759991,41.679993,42.039989,43.139999,38.84,40.259991,32.739998,-168.820007,-170.26001,-169.700012,-170.5,-170.139984,-170.899994,-171.0,-4.780014,-4.480011,-4.840012,-5.0,-6.240005,-8.560013,-8.76001,-164.399994,-210.579987,-209.899994,-209.939987,-211.659988,-214.87999,-215.219986,-33.48,-40.599998,-38.639999,-43.959999,-49.66,-58.860001,-60.260002,-279.820007,-284.740021,-283.580017,-287.740021,-289.5,-288.380005,-300.559998
16,0.24,40.559998,85.019989,-229.200012,-183.300018,0.199982,-321.119995,-275.359985,-229.520004,-183.560013,1.059998,38.119995,83.47998,-230.979996,-185.160004,1.220001,39.720001,86.62001,-226.240005,-179.380005,0.799988,46.360001,85.37999,131.179993,177.639999,4.360001,22.979996,35.939995,55.259995,76.160004,89.679993,-249.880005,-228.960007,-217.440002,-197.639999,-177.820007,0.139999,18.139999,36.279999,53.179996,71.039993,88.539993,-260.5,-239.820007,-221.480011,-201.220001,-180.820007,-1.679999,9.88,29.299999,41.32,63.659996,85.400002,89.519989,-250.720001,-238.300003,-220.220001,-207.400009,5.9,6.880011,0.60001,2.58,4.34,5.42,6.240011,29.399994,22.839996,25.080002,26.940002,30.160004,31.399994,33.139999,47.960011,50.5,52.240002,55.080002,53.420002,56.34,51.02,56.620003,58.980003,61.239998,64.400002,66.639999,69.059998,71.559998,74.819992,78.919998,82.419991,85.979996,89.479996,91.73999,95.259995,-185.639999,-254.599991,-250.219986,-245.799988,-242.679993,-242.939987,-239.279984,-246.819992,-244.5,-241.639999,-237.580002,-234.599991,-242.699997,-237.5,-222.839996,-216.619995,-212.819992,-212.520004,-210.119995,-201.559998,-207.619995
17,-259.119995,47.260002,-1.18,-45.559998,-87.400002,-88.920013,-140.500015,-184.640015,-228.560013,-272.940002,-267.73999,38.339996,-6.02002,-50.100006,-94.500015,-89.080002,-141.0,-183.960007,-227.399994,-268.820007,92.899994,51.519989,2.039993,-41.740005,-86.919998,-76.160004,-102.560005,-128.940002,-146.199997,-161.679993,-183.940002,-201.5,-215.940002,-237.800003,-249.740005,-266.339996,84.419998,66.360001,40.060001,29.619991,14.66,-2.539999,-27.700001,-36.959999,-49.5,-67.440002,-78.040001,-165.020004,-191.520004,-207.919998,-224.720001,-228.979996,-246.199997,-267.040009,78.979996,75.239998,63.099998,46.700008,87.500008,88.920006,81.920006,82.840012,83.800011,85.640007,85.820007,-114.300003,-121.76001,-121.600006,-119.460007,-117.5,-116.419998,-115.100006,49.860001,48.039989,48.080002,48.440002,45.039989,46.080002,38.720001,-161.639984,-162.820007,-163.619995,-163.0,-163.639984,-164.299988,-164.880005,7.159988,5.37999,5.360001,6.539993,5.699997,6.619995,5.039993,-147.720001,-192.0,-194.0,-193.579987,-194.639999,-198.119995,-201.159988,-36.580002,-32.119999,-33.380001,-44.360001,-47.959999,-54.02,-56.119999,-221.559998,-232.73999,-231.419998,-233.599991,-250.240005,-250.639999,-263.400024
18,79.399986,-234.62001,-180.240005,-139.860001,-99.459999,-99.980011,-61.740021,-15.640015,30.779999,-282.459991,73.619995,-248.580002,-202.959991,-156.880005,-111.100006,-113.939995,-72.660004,-25.599991,20.639999,65.840012,66.699997,111.319992,149.679993,195.779999,-119.139999,-126.980003,-109.339996,-96.540001,-77.220001,-58.160004,-45.600002,-25.87999,-5.740005,5.720001,23.639999,43.599991,-254.660004,-228.62001,-214.600006,-201.26001,-185.380005,-170.400009,-174.980011,-155.76001,-149.539993,-135.960007,-122.5,-145.080002,-40.360001,-182.199997,-12.36,-19.220001,9.94,-1.759999,11.900001,24.57999,46.939999,62.800003,82.900009,85.220009,79.500008,81.140007,81.800011,82.76001,84.800011,-72.080002,-78.240005,-76.440002,-74.020004,-71.980011,-70.080002,-69.559998,-238.860016,-236.440002,-234.76001,-231.720001,-233.160004,-230.640015,-235.160004,-55.179993,-53.660004,-50.660004,-47.899994,-45.520004,-43.520004,-40.600006,139.020004,142.899994,146.380005,149.080002,152.040009,154.899994,157.639999,-150.460007,-29.599998,-25.18,-21.300011,-17.860001,-17.160011,-14.119995,-157.87999,-154.179993,-150.839996,-148.779999,-148.999985,-155.899994,-150.299988,-283.180023,-277.420013,-289.720001,-291.920013,-304.680023,-291.120026,-296.559998
19,0.84,-50.760002,-95.560005,-136.360001,-178.540009,-3.940002,-54.660004,-98.680008,-142.02002,-185.560013,-2.800018,-54.920013,-99.960007,-144.300018,-189.039993,-12.399994,-58.619995,-99.879997,-142.360001,-185.380005,1.0,-43.100021,-94.660019,-138.560013,175.940002,-24.639999,-35.520004,-55.580002,-70.940002,-85.779999,-106.519989,-121.160004,-136.720001,-161.959991,-181.220001,-199.300003,-7.86,-34.5,-51.82,-72.82,-90.539993,-108.940002,-126.699997,-142.0,-156.699997,-170.400009,-185.559998,-75.840004,-87.360001,-98.279999,-107.279999,-116.62001,-121.900009,-137.440002,-145.080002,-153.100006,-164.520004,-173.440002,-12.059999,-10.939999,-17.079998,-15.679999,-14.499999,-13.66,-13.079999,-31.139999,-38.720013,-38.640003,-36.960003,-36.140003,-35.380001,-35.499996,-49.920006,-49.260002,-49.860008,-47.740013,-51.260002,-50.520012,-57.460014,-81.720001,-82.639999,-82.300003,-82.5,-82.339996,-83.020004,-83.220001,-95.500015,-95.000015,-95.300003,-96.060013,-96.419998,-98.160019,-98.660019,-74.779999,-118.879997,-116.019997,-115.040001,-115.5,-119.879997,-122.220001,-139.899994,-141.579987,-142.73999,-143.539993,-139.199997,-160.979996,-153.679993,-124.639999,-131.800003,-125.979996,-130.619995,-136.5,-129.940002,-137.259995
20,-183.900009,-145.220001,-93.040001,-46.5,-9.179999,-180.240005,-141.320007,-93.920013,-48.02002,-2.52002,-173.960022,-137.420013,-91.840012,-45.380005,0.5,-169.639999,-132.679993,-87.059998,-41.679993,6.199997,196.300003,-117.300003,-77.500015,-31.62001,15.759995,-162.059998,-143.979996,-134.039993,-112.339996,-91.779999,-79.060005,-59.740002,-39.420002,-25.160004,-5.779999,14.540001,-170.580002,-152.0,-131.5,-106.720001,-77.5,-56.240002,-42.220001,-27.0,-3.58,9.02,27.580002,-241.720001,-248.680008,-246.440002,-95.68,-178.12001,-12.24,-16.239998,-8.499999,-0.879999,10.54,18.700008,-180.159988,-178.839981,-185.059982,-182.97998,-180.999985,-180.23999,-177.459976,-149.840012,-156.520004,-154.820007,-151.740005,-149.220001,-147.100006,-144.520004,-126.720009,-124.360008,-121.900002,-119.720009,-121.720009,-118.760002,-124.360008,-116.320007,-113.959991,-111.380005,-108.740005,-106.199997,-104.160004,-101.779999,-88.139999,-85.500015,-81.020004,-76.500015,-73.800003,-70.440018,-66.819992,-16.259995,-57.179996,-52.659996,-49.439999,-44.919998,-45.48,-41.539997,-24.940001,-24.0,-20.98,-11.16,-7.74,-19.52,-20.1,-337.300018,-337.860016,-326.360016,-330.540009,-334.779999,-323.279999,-334.080017
21,-90.060005,-139.780014,-187.180008,-233.000015,87.119987,-273.480011,-324.039978,-8.680023,-52.660004,-96.920013,-95.040009,-147.420013,-192.300003,-236.699997,78.559998,78.419998,29.0,-13.5,-55.779999,-97.659996,-96.979996,-140.960007,167.820007,124.459991,77.899994,68.720001,52.919998,32.159996,16.419998,2.059998,-20.639999,-36.100002,-51.680004,-75.120003,-91.839996,-107.199997,-90.020004,-106.76001,-123.220001,-142.199997,-154.820007,-179.880005,-210.559998,-226.860001,-243.5,-261.639984,80.5,7.200009,-11.719999,-25.34,-36.700001,-41.959999,-53.200001,-71.220001,-102.480003,-109.120003,-124.44001,-163.860001,-104.700005,-102.419998,-109.5,-108.220001,-107.68,-105.700005,-104.860001,60.480003,51.66,52.380001,53.860001,54.5,55.380001,55.419998,-142.080017,-141.540009,-141.940002,-140.100006,-143.660004,-142.880005,-150.119995,5.680008,5.100006,4.580002,5.580002,4.380005,4.440002,4.139999,168.080002,168.600006,168.759995,167.940002,166.119995,165.320007,164.5,34.460007,-36.82,-34.5,-33.579994,-35.919998,-38.839996,-40.799999,-211.73999,-209.659988,-219.73999,-214.139999,-216.779999,-227.639999,-237.519989,-104.559998,-102.739998,-105.739998,-99.019997,-99.139999,-102.039993,-104.860001
22,-88.139999,-48.619999,-4.699999,37.660011,84.539986,-268.76001,-229.5,-183.440018,-136.660019,-91.200012,-83.340012,-45.560013,0.139984,45.859985,-268.880005,-260.980011,-219.899994,-172.940002,-126.559998,-79.119995,-75.979996,-30.600006,8.939987,55.5,101.199997,-257.26001,-238.380005,-225.339996,-204.800003,-184.0,-169.520004,-148.160004,-128.679993,-115.240005,-96.459999,-77.419998,-64.380005,-44.720001,-28.639999,-14.52,5.10001,24.360001,38.960011,56.500004,74.37999,-267.5,-242.940002,42.859989,58.18,76.199997,-266.860016,-248.979996,-227.020004,-199.26001,-160.040009,-127.860008,-99.480003,-77.040001,-82.300003,-80.839996,-87.68,-84.739998,-84.220001,-82.919998,-81.0,-239.259995,-245.660019,-243.860001,-240.900009,-238.560013,-236.520004,-235.340012,-34.820015,-32.640007,-31.080009,-27.980011,-30.080009,-27.080009,-31.960014,-202.920013,-200.519989,-197.679993,-195.179993,-192.5,-189.980011,-187.679993,-1.220001,2.639999,6.37999,8.719986,12.459991,16.459991,18.819992,-108.599998,-154.539993,-148.940002,-144.059998,-140.100006,-139.759995,-136.520004,61.260002,58.199989,61.220001,70.0,72.44001,68.0,70.560005,-103.68,-78.979988,-81.639984,-63.500004,-74.05999,-69.639984,-67.039986
23,-180.900009,-230.300018,86.939987,43.039986,-2.74,-179.76001,-230.959991,-275.279999,-319.02002,-2.960022,-178.020004,-230.020004,85.799988,42.160004,-2.740021,-177.679993,-227.679993,-269.779999,46.580002,4.380005,190.600006,146.279999,93.539993,47.539993,2.759995,-173.779999,-188.899994,-214.420013,-231.699997,-246.199997,-269.960022,74.580002,61.139999,36.879997,21.939995,7.759995,-168.12001,-184.460007,-200.62001,-217.540009,-232.0,-251.520004,81.5,65.479996,52.259998,29.10001,17.220001,-144.860001,-160.660004,-164.979996,-175.779999,-174.380005,-183.139999,-247.839996,-244.460007,-47.360001,-72.360001,-68.18,-193.699982,-192.139984,-199.179977,-196.719986,-196.279984,-195.219986,-194.719986,-206.540009,-214.720001,-214.0,-212.5,-211.740005,-210.080002,-210.139999,-223.799988,-223.559998,-223.279999,-223.019989,-225.959991,-225.339996,-232.660004,108.419998,108.73999,108.26001,108.540009,108.339996,107.619995,107.779999,94.279991,93.659996,93.919991,94.05999,93.55999,93.37999,92.299995,28.740005,71.720016,75.060013,75.500015,75.060013,70.840012,71.02002,71.160011,69.199989,67.120003,64.420006,62.580002,50.119995,47.380005,-340.040009,10.939992,9.459992,1.14001,7.50002,-14.93999,-2.13999
